label,episodes,force_band,checkpoint,episode_len_mean,episode_len_std,episode_time_s_mean,episode_time_s_std,targets_cleared_mean,targets_cleared_std,task_success_mean,task_success_std,task_percentage_mean,task_percentage_std,coverage_span_norm_mean,coverage_span_norm_std,coverage_length_m_mean,coverage_length_m_std,contact_time_s_mean,contact_time_s_std,contact_time_fraction_mean,contact_time_fraction_std,wipe_time_s_mean,wipe_time_s_std,wipe_step_fraction_mean,wipe_step_fraction_std,mean_contact_force_mean,mean_contact_force_std,median_contact_force_mean,median_contact_force_std,p95_contact_force_mean,p95_contact_force_std,peak_contact_force_mean,peak_contact_force_std,force_std_mean,force_std_std,in_band_force_fraction_mean,in_band_force_fraction_std,pass_completions_mean,pass_completions_std,sweep_consistency_mean,sweep_consistency_std,clear_spatial_order_mean,clear_spatial_order_std,clear_s_coverage_mean,clear_s_coverage_std,clear_t_coverage_mean,clear_t_coverage_std,second_half_frac_mean,second_half_frac_std,productive_frac_mean,productive_frac_std,stall_frac_mean,stall_frac_std,mean_stroke_len_mean,mean_stroke_len_std,n_contact_bouts_mean,n_contact_bouts_std,slide_frac_mean,slide_frac_std,action_effort_mean,action_effort_std,action_smoothness_mean,action_smoothness_std,terminated_drift_mean,terminated_drift_std,n_clears_mean,n_clears_std
Bscr_forearm_back,100,"[2.0,12.0]",scripted_baseline,150.0,0.0,15.0,0.0,6.27,1.2317,0.0,0.0,41.7998,8.2115,0.6749,0.0677,0.1107,0.0111,4.808,1.7414,0.3205,0.1161,8.204,2.1814,0.5469,0.1454,2.091,2.8615,0.0,0.0,4.1668,7.7904,65.5238,84.5661,10.1967,13.7983,0.0867,0.0974,0.45,0.4975,0.1405,0.0987,0.9863,0.0782,0.296,0.0937,0.221,0.0516,0.0,0.0,0.3875,0.132,0.6771,0.1494,3.849,1.4668,1.93,0.5875,0.3362,0.1535,0.5468,0.0397,0.0125,0.004,0.0,0.0,3.22,1.0916
Bscr_forearm_front,100,"[2.0,12.0]",scripted_baseline,149.74,1.6225,14.974,0.1622,4.48,1.8027,0.0,0.0,29.8669,12.0191,0.6255,0.0897,0.1026,0.0147,5.528,1.1852,0.3693,0.0796,6.81,0.7683,0.4549,0.0523,1.4731,1.5633,0.0,0.0,2.6938,3.0078,58.2159,68.6277,8.2939,9.4411,0.0496,0.0527,0.01,0.0995,0.016,0.0251,1.0,0.0,0.2788,0.1085,0.2414,0.0752,0.0,0.0,0.2814,0.1012,0.7115,0.0798,4.2342,0.918,1.33,0.5487,0.2973,0.0826,0.5272,0.0617,0.0134,0.004,0.05,0.2179,2.93,1.321
Bscr_upperarm_back,100,"[2.0,12.0]",scripted_baseline,149.93,0.6965,14.993,0.0696,4.28,1.1839,0.0,0.0,17.8334,4.9321,0.5905,0.1182,0.0968,0.0194,6.198,2.2726,0.4134,0.1515,7.429,2.6177,0.4956,0.1749,1.2032,1.4624,0.0,0.0,1.6668,3.3587,54.8782,66.4971,7.5457,9.1766,0.0201,0.0242,0.0,0.0,0.0179,0.0111,0.9764,0.1033,0.246,0.1062,0.235,0.0572,0.011,0.0572,0.3208,0.0958,0.7469,0.0872,4.0294,1.2492,2.75,1.0897,0.2792,0.0886,0.5973,0.0534,0.0194,0.0018,0.01,0.0995,3.18,0.9938
Bscr_upperarm_front,100,"[2.0,12.0]",scripted_baseline,131.87,19.5252,13.187,1.9525,3.2,1.6673,0.0,0.0,13.3323,6.9479,0.6178,0.1965,0.1013,0.0322,3.357,1.9991,0.2537,0.1369,5.721,1.6905,0.4418,0.1246,0.2122,0.5324,0.0,0.0,0.0041,0.0408,9.6623,25.0071,1.4001,3.5593,0.0015,0.0065,0.0,0.0,0.0085,0.0081,1.0,0.0,0.2209,0.12,0.1835,0.0788,0.0,0.0,0.317,0.1707,0.5863,0.1778,4.42,1.7164,1.92,0.6112,0.4164,0.1771,0.5269,0.0618,0.0114,0.0034,0.49,0.4999,2.08,1.3905
Aours_s1_forearm_back,100,"[2.0,12.0]",student_ours_4r_s1.pt,146.75,7.5397,14.675,0.754,6.43,1.4917,0.0,0.0,42.8671,9.9444,0.6739,0.1601,0.1105,0.0263,6.208,2.9424,0.4179,0.1914,9.263,2.2301,0.6286,0.1372,1.8915,1.8523,0.0,0.0,4.7554,3.7223,60.5561,70.9098,8.615,10.236,0.1199,0.101,0.67,0.6173,0.1942,0.1021,0.8186,0.2014,0.318,0.1169,0.285,0.0994,0.0324,0.0821,0.4162,0.1619,0.6052,0.1256,4.9401,2.2965,1.89,0.5458,0.4312,0.1253,0.5745,0.0473,0.0134,0.0031,0.19,0.3923,3.55,1.244
Aours_s1_forearm_front,100,"[2.0,12.0]",student_ours_4r_s1.pt,150.0,0.0,15.0,0.0,6.15,0.7665,0.0,0.0,41.0011,5.1106,0.6081,0.0555,0.0997,0.0091,11.04,1.5952,0.736,0.1063,11.823,1.5393,0.7882,0.1026,2.0835,0.7719,0.334,0.8219,4.6406,0.8851,54.8773,52.0254,5.8502,4.4274,0.3839,0.1033,1.0,0.0,0.1974,0.0441,0.665,0.0666,0.378,0.046,0.355,0.0517,0.0079,0.0399,0.2682,0.0307,0.7474,0.0584,5.9923,1.9357,1.03,0.1706,0.279,0.0737,0.2505,0.0146,0.0058,0.0005,0.0,0.0,3.99,0.4358
Aours_s1_upperarm_back,100,"[2.0,12.0]",student_ours_4r_s1.pt,149.57,2.2683,14.957,0.2268,6.31,1.9834,0.0,0.0,26.2915,8.2644,0.5377,0.1662,0.0882,0.0273,9.768,2.8338,0.6528,0.1879,12.115,2.0817,0.8094,0.136,1.5995,0.8283,0.5683,0.933,3.6548,2.3925,44.3245,47.6974,5.2772,5.1263,0.258,0.224,0.46,0.4984,0.155,0.0885,0.7825,0.1876,0.362,0.1181,0.384,0.1027,0.1874,0.1775,0.3716,0.161,0.6946,0.1897,4.1946,1.3118,1.81,0.7706,0.3611,0.209,0.4935,0.0802,0.0154,0.0067,0.05,0.2179,4.88,1.6928
Aours_s1_upperarm_front,100,"[2.0,12.0]",student_ours_4r_s1.pt,149.54,2.2557,14.954,0.2256,6.03,2.4554,0.0,0.0,25.1249,10.231,0.4986,0.2152,0.0818,0.0353,9.493,3.9786,0.6332,0.2646,11.876,3.2748,0.7924,0.2167,1.8023,1.4819,0.1518,0.4217,4.5204,3.3149,61.6846,67.6391,7.456,8.3585,0.1777,0.1129,0.79,0.4073,0.1787,0.0839,0.6959,0.1612,0.3489,0.0934,0.3978,0.1095,0.2288,0.1791,0.3042,0.1321,0.6771,0.1559,4.381,1.8999,1.94,0.9881,0.381,0.1712,0.4675,0.0407,0.0137,0.0042,0.05,0.2179,4.54,1.9871
Ayubik_s1_forearm_back,100,"[2.0,12.0]",student_yubik_4r_s1.pt,147.8,6.2801,14.78,0.628,6.7,1.7748,0.01,0.0995,44.6669,11.8319,0.6427,0.147,0.1054,0.0241,7.909,3.0555,0.5307,0.1989,11.335,2.8671,0.7631,0.18,1.4921,1.1288,0.0233,0.1555,3.6724,2.7138,53.1069,58.2578,6.7245,7.1767,0.1413,0.1159,0.42,0.603,0.1962,0.1156,0.7319,0.1891,0.316,0.1129,0.31,0.1127,0.0976,0.1331,0.3336,0.0917,0.5031,0.1264,5.2953,1.7374,2.2,0.6782,0.5415,0.1243,0.4057,0.0481,0.0116,0.003,0.14,0.347,3.81,1.4946
Ayubik_s1_forearm_front,100,"[2.0,12.0]",student_yubik_4r_s1.pt,150.0,0.0,15.0,0.0,7.28,1.1232,0.0,0.0,48.5331,7.4866,0.6185,0.085,0.1014,0.0139,10.429,2.3926,0.6953,0.1595,11.493,2.3022,0.7662,0.1535,1.5703,0.7117,0.0707,0.3567,4.8416,1.4359,45.8472,48.7572,5.3772,4.81,0.2375,0.1116,0.89,0.3434,0.2978,0.1002,0.6289,0.1154,0.324,0.0763,0.336,0.0755,0.0358,0.0561,0.2657,0.0449,0.6305,0.0947,6.4133,1.8013,1.06,0.2375,0.4092,0.1078,0.2981,0.0473,0.0092,0.0014,0.0,0.0,4.11,1.0089
Ayubik_s1_upperarm_back,100,"[2.0,12.0]",student_yubik_4r_s1.pt,149.7,2.0469,14.97,0.2047,6.83,1.8442,0.0,0.0,28.4582,7.6837,0.5549,0.1733,0.091,0.0284,9.408,3.6112,0.6281,0.2401,11.901,2.5351,0.7945,0.1672,1.6939,1.6431,0.0374,0.238,5.2792,3.0674,62.5417,70.6806,7.5633,8.8712,0.1407,0.0996,0.34,0.4737,0.1531,0.0816,0.6838,0.1613,0.359,0.125,0.372,0.0991,0.1441,0.1458,0.3662,0.1252,0.6739,0.1436,4.3061,1.8077,1.74,0.7566,0.3738,0.1491,0.5044,0.0815,0.0192,0.0125,0.04,0.196,4.95,1.5322
Ayubik_s1_upperarm_front,100,"[2.0,12.0]",student_yubik_4r_s1.pt,147.88,6.5304,14.788,0.653,4.6,2.1954,0.0,0.0,19.168,9.148,0.4424,0.1747,0.0726,0.0286,7.261,3.2295,0.4854,0.2131,9.799,3.1601,0.6561,0.2053,1.8524,1.7416,0.0627,0.3733,3.8913,3.2695,74.5872,87.9866,9.1039,10.1211,0.128,0.1114,0.87,0.3363,0.1514,0.0734,0.7142,0.1784,0.2839,0.0869,0.3046,0.0993,0.0463,0.0871,0.2687,0.1591,0.7614,0.1359,3.8263,1.7177,1.93,0.8397,0.2489,0.145,0.408,0.1066,0.009,0.0023,0.11,0.3129,3.27,1.6844
Agen_s1_forearm_back,100,"[2.0,12.0]",student_gen_4r_s1.pt,148.38,4.8307,14.838,0.4831,6.72,1.6005,0.0,0.0,44.8003,10.6697,0.6352,0.17,0.1042,0.0279,7.936,3.4878,0.5316,0.2293,11.041,2.8172,0.7417,0.1804,1.6969,1.43,0.1392,0.602,4.792,3.6076,52.1453,61.8233,6.7722,7.3661,0.1702,0.1234,0.44,0.5161,0.1783,0.0869,0.7716,0.2004,0.322,0.1128,0.303,0.0995,0.0732,0.1129,0.3518,0.1395,0.5627,0.147,4.9835,1.9933,1.95,0.5362,0.4863,0.1504,0.451,0.0774,0.0119,0.0032,0.15,0.3571,3.84,1.347
Agen_s1_forearm_front,100,"[2.0,12.0]",student_gen_4r_s1.pt,149.94,0.597,14.994,0.0597,6.76,0.9708,0.0,0.0,45.0693,6.4719,0.5992,0.0715,0.0983,0.0117,9.555,1.892,0.6371,0.1258,10.846,1.9702,0.7232,0.1309,1.6625,0.8802,0.0779,0.4281,4.505,1.2112,45.8305,61.5971,5.4671,6.057,0.2833,0.1044,0.97,0.1706,0.2662,0.065,0.6978,0.0959,0.3545,0.0624,0.3071,0.0383,0.0029,0.0286,0.2698,0.0517,0.6445,0.0896,7.0458,1.4001,1.01,0.0995,0.3768,0.0924,0.3027,0.0245,0.0088,0.0012,0.01,0.0995,4.19,0.891
Agen_s1_upperarm_back,100,"[2.0,12.0]",student_gen_4r_s1.pt,149.69,1.6775,14.969,0.1677,6.75,1.6332,0.0,0.0,28.125,6.8052,0.5191,0.1232,0.0851,0.0202,10.87,3.171,0.7256,0.2102,12.755,2.5142,0.8515,0.1655,1.7258,1.029,0.3473,0.6623,4.1102,2.5688,61.978,68.0375,6.9029,7.1724,0.2188,0.16,0.31,0.4625,0.1517,0.0815,0.7267,0.1747,0.377,0.1112,0.394,0.1156,0.2071,0.178,0.3301,0.112,0.7146,0.1456,4.5785,1.6415,1.56,0.5886,0.3439,0.157,0.4598,0.0611,0.0176,0.0137,0.06,0.2375,5.2,1.5684
Agen_s1_upperarm_front,100,"[2.0,12.0]",student_gen_4r_s1.pt,148.66,5.3595,14.866,0.536,4.65,2.3168,0.0,0.0,19.3759,9.6531,0.4411,0.1787,0.0723,0.0293,9.133,4.3355,0.6095,0.2881,11.426,3.9659,0.763,0.262,1.9701,1.6106,0.2076,0.614,4.4963,2.9238,68.0844,73.7792,8.2017,9.2109,0.196,0.1407,0.75,0.433,0.1365,0.0743,0.7016,0.1942,0.2885,0.0999,0.3057,0.0987,0.0662,0.13,0.2205,0.1353,0.7845,0.1293,3.8377,1.8406,2.02,0.8483,0.2281,0.1361,0.4193,0.0672,0.0106,0.0026,0.07,0.2551,3.27,1.737
AstyO_s1_forearm_back,100,"[2.0,12.0]",student_style_4r_s1.pt,147.17,7.4122,14.717,0.7412,6.54,1.5711,0.01,0.0995,43.6006,10.4739,0.7075,0.1716,0.116,0.0281,6.378,3.0356,0.4296,0.2005,9.547,2.4534,0.6465,0.1556,1.767,1.8069,0.0127,0.1168,4.1046,3.3714,60.3261,70.7749,8.2623,9.6758,0.1085,0.0948,0.61,0.5638,0.1964,0.0954,0.8158,0.1949,0.327,0.1399,0.278,0.0944,0.0292,0.0731,0.4012,0.1567,0.6032,0.1261,5.0738,2.273,1.97,0.6551,0.4318,0.1293,0.5678,0.0522,0.0135,0.0037,0.14,0.347,3.62,1.5217
AstyO_s1_forearm_front,100,"[2.0,12.0]",student_style_4r_s1.pt,150.0,0.0,15.0,0.0,5.92,0.8328,0.0,0.0,39.4675,5.5523,0.6027,0.0692,0.0988,0.0113,10.976,1.7065,0.7317,0.1138,11.745,1.6342,0.783,0.1089,2.0818,0.8737,0.4551,0.9631,4.5016,0.9613,62.6235,61.29,6.7137,5.649,0.358,0.1223,0.99,0.0995,0.2027,0.0528,0.6567,0.0836,0.38,0.0469,0.357,0.0534,0.0195,0.0567,0.2717,0.038,0.7345,0.0617,6.153,1.6319,1.04,0.196,0.2854,0.0618,0.2517,0.0145,0.0059,0.0006,0.0,0.0,3.95,0.5172
AstyO_s1_upperarm_back,100,"[2.0,12.0]",student_style_4r_s1.pt,149.23,3.072,14.923,0.3072,6.4,1.6371,0.0,0.0,26.6664,6.8209,0.5398,0.1456,0.0885,0.0239,9.861,2.8083,0.6602,0.1852,12.076,2.0788,0.8082,0.1334,1.5949,0.8876,0.5447,0.8627,3.5608,2.1519,54.2529,59.7358,6.1228,6.2582,0.2221,0.1945,0.54,0.4984,0.1611,0.0824,0.7335,0.1829,0.363,0.1064,0.385,0.091,0.2085,0.193,0.3707,0.1361,0.7166,0.1582,4.3012,1.4676,1.66,0.6037,0.3377,0.1735,0.4911,0.0849,0.0159,0.0066,0.1,0.3,5.01,1.5329
AstyO_s1_upperarm_front,100,"[2.0,12.0]",student_style_4r_s1.pt,149.7,1.3601,14.97,0.136,5.09,2.728,0.0,0.0,21.2085,11.3666,0.449,0.242,0.0736,0.0397,8.483,3.9741,0.5657,0.2647,11.192,3.524,0.7465,0.2341,2.0129,1.6275,0.1223,0.3635,5.3705,5.8598,68.906,68.7076,8.6678,8.6182,0.1564,0.1199,0.71,0.4538,0.1404,0.0792,0.7606,0.1674,0.3354,0.0929,0.3598,0.0974,0.1644,0.1725,0.2552,0.1402,0.7493,0.1527,3.7713,2.2504,2.07,0.9408,0.2891,0.1709,0.4684,0.0449,0.0122,0.0048,0.05,0.2179,3.77,2.0826
AstyY_s1_forearm_back,100,"[2.0,12.0]",student_style_4r_s1.pt,148.77,4.9272,14.877,0.4927,7.23,1.7599,0.03,0.1706,48.2,11.7321,0.669,0.1321,0.1097,0.0217,9.022,3.0668,0.6059,0.2056,12.104,2.6645,0.8131,0.176,1.5734,1.2247,0.0075,0.0659,3.9535,2.4631,57.8858,59.9029,7.0147,7.0346,0.1468,0.1044,0.47,0.5908,0.2128,0.1216,0.6857,0.1776,0.328,0.0981,0.344,0.1169,0.1229,0.1378,0.3383,0.1069,0.5222,0.135,5.3948,1.883,2.0,0.7071,0.5207,0.1399,0.401,0.0387,0.0124,0.0026,0.05,0.2179,4.36,1.4867
AstyY_s1_forearm_front,100,"[2.0,12.0]",student_style_4r_s1.pt,148.52,6.0158,14.852,0.6016,6.81,1.922,0.0,0.0,45.4006,12.8124,0.6051,0.1808,0.0992,0.0297,9.774,2.5291,0.6552,0.162,10.849,2.5283,0.7275,0.1603,1.4236,0.7816,0.0946,0.4527,4.5027,1.6271,40.6232,45.0287,4.7565,4.5977,0.2274,0.1136,0.94,0.42,0.2981,0.1212,0.6525,0.1352,0.3219,0.0695,0.3135,0.0745,0.0284,0.0506,0.2513,0.075,0.6511,0.1417,6.0298,2.2366,1.04,0.196,0.3787,0.1442,0.303,0.0443,0.0088,0.0023,0.06,0.2375,3.95,1.3811
AstyY_s1_upperarm_back,100,"[2.0,12.0]",student_style_4r_s1.pt,149.26,2.8935,14.926,0.2894,7.06,2.1532,0.0,0.0,29.4167,8.9716,0.5808,0.1656,0.0952,0.0272,9.372,3.026,0.6268,0.1996,11.799,2.2805,0.7893,0.1474,1.5522,1.1031,0.0321,0.2677,4.0944,2.5686,68.0038,63.8626,7.9089,7.1633,0.1192,0.0985,0.5,0.5,0.1731,0.0794,0.6956,0.1639,0.364,0.1533,0.377,0.1018,0.1172,0.1313,0.355,0.0927,0.6568,0.1522,4.4664,1.7845,1.76,0.6946,0.4014,0.1589,0.4808,0.0585,0.0243,0.0286,0.11,0.3129,4.96,1.7488
AstyY_s1_upperarm_front,100,"[2.0,12.0]",student_style_4r_s1.pt,148.06,6.219,14.806,0.6219,4.62,1.9015,0.0,0.0,19.2514,7.923,0.4587,0.1504,0.0752,0.0247,7.05,3.0385,0.4712,0.2008,9.8,3.1459,0.6556,0.2055,2.3385,2.1096,0.0426,0.3657,3.9193,3.6165,87.7495,88.7515,11.4079,11.4439,0.1279,0.1145,0.91,0.2862,0.1597,0.0694,0.7363,0.1995,0.2879,0.0912,0.2846,0.0851,0.0181,0.0488,0.2865,0.1535,0.7395,0.1302,3.9069,1.4774,1.99,0.8306,0.2635,0.1368,0.4011,0.0974,0.0089,0.0021,0.09,0.2862,3.24,1.5305
Tours_s1_forearm_back,200,"[2.0,12.0]",trained_models/auto/ours_pc2_forearm_back_s1/BEST/checkpoint_000014/checkpoint-14,150.0,0.0,15.0,0.0,6.5,1.5556,0.0,0.0,43.3336,10.3704,0.6782,0.175,0.1112,0.0287,6.7715,3.5284,0.4514,0.2352,9.6675,2.7539,0.6445,0.1836,2.2023,2.2425,0.0424,0.2912,4.7407,3.3927,67.9188,75.1696,9.8319,11.6824,0.1404,0.1151,0.655,0.5966,0.191,0.0943,0.8062,0.2015,0.335,0.1337,0.2905,0.0983,0.0355,0.082,0.4047,0.1646,0.6093,0.1182,4.9195,2.091,1.895,0.595,0.4273,0.1249,0.5489,0.0493,0.0131,0.0034,0.0,0.0,3.86,1.5001
Tyubik_s1_forearm_back,200,"[2.0,12.0]",trained_models/auto/baseline_rl_s1/BEST/checkpoint_000014/checkpoint-14,149.47,4.1628,14.947,0.4163,6.9,1.6432,0.02,0.14,46.0001,10.9537,0.6349,0.1293,0.1041,0.0212,8.2995,3.2004,0.5564,0.2172,11.4875,2.7435,0.7694,0.1852,1.6443,1.5571,0.0186,0.183,4.0156,3.8548,58.6205,64.5907,7.3434,8.2447,0.1407,0.1118,0.295,0.5177,0.1886,0.1088,0.7138,0.1788,0.32,0.11,0.3135,0.1052,0.0897,0.1218,0.3345,0.1057,0.5304,0.1454,5.1651,1.8906,2.11,0.7667,0.5096,0.1498,0.4082,0.0442,0.0118,0.0028,0.0,0.0,3.93,1.4054
Bflat_s1_forearm_back,200,"[2.0,12.0]",trained_models/auto/flat_pc24_s1/BEST/checkpoint_000014/checkpoint-14,150.0,0.0,15.0,0.0,6.71,1.5479,0.0,0.0,44.7324,10.3182,0.668,0.1554,0.1096,0.0255,6.909,3.0839,0.4606,0.2056,9.729,2.3192,0.6486,0.1546,1.9143,1.7456,0.0721,0.3558,4.3401,2.7869,57.0609,63.1561,7.9637,8.9742,0.1676,0.1157,0.505,0.6,0.1657,0.1125,0.7629,0.1985,0.3495,0.1233,0.316,0.1084,0.0905,0.1512,0.4261,0.1437,0.5376,0.1461,5.3802,2.3778,1.785,0.5374,0.5128,0.141,0.4553,0.0563,0.0124,0.0041,0.0,0.0,4.045,1.4363
Tours_s1_forearm_front,200,"[2.0,12.0]",trained_models/auto/ours_pc2_forearm_front_s1/BEST/checkpoint_000014/checkpoint-14,150.0,0.0,15.0,0.0,4.325,0.8482,0.0,0.0,28.8352,5.6534,0.6166,0.0797,0.1011,0.0131,9.4275,2.5559,0.6285,0.1704,10.6895,2.05,0.7126,0.1367,2.2628,1.215,0.2286,0.6743,5.5802,2.6805,77.8214,79.2553,8.8912,8.151,0.2502,0.129,1.045,0.2073,0.2341,0.0583,0.6228,0.1818,0.321,0.0711,0.304,0.0546,0.0435,0.1072,0.267,0.0738,0.6745,0.1081,6.7346,0.9689,1.38,0.7454,0.3331,0.1088,0.2786,0.0177,0.0051,0.0008,0.0,0.0,3.32,0.8471
Tyubik_s1_forearm_front,200,"[2.0,12.0]",trained_models/auto/yubik_front_s1/BEST/checkpoint_000014/checkpoint-14,150.0,0.0,15.0,0.0,7.165,1.424,0.0,0.0,47.766,9.4926,0.6677,0.1287,0.1095,0.0211,10.7825,2.8691,0.7188,0.1913,11.971,2.3888,0.7981,0.1593,1.8003,0.8189,0.3599,0.8379,5.0547,1.3498,52.312,50.1462,5.9475,5.0561,0.2888,0.1362,1.015,0.3934,0.3604,0.1162,0.7289,0.0878,0.3829,0.0815,0.3834,0.0825,0.0351,0.0622,0.3135,0.0641,0.5653,0.1212,8.2832,2.4631,1.22,0.4261,0.4606,0.1266,0.2973,0.0439,0.0107,0.0018,0.0,0.0,5.165,1.1126
Bflat_s1_forearm_front,200,"[2.0,12.0]",trained_models/auto/flat_pc24_s1/BEST/checkpoint_000014/checkpoint-14,150.0,0.0,15.0,0.0,4.385,0.8042,0.0,0.0,29.2355,5.3601,0.8485,0.1716,0.1392,0.0281,7.3485,1.5752,0.4899,0.105,7.8185,1.7921,0.5212,0.1195,0.9071,0.8604,0.0,0.0,3.0015,2.7575,40.7477,56.814,5.0898,6.412,0.0793,0.0463,0.84,0.3666,0.1895,0.0414,0.8685,0.1929,0.2372,0.0703,0.2588,0.0688,0.0081,0.0382,0.2708,0.0926,0.7002,0.0854,4.3743,1.0161,2.09,0.9602,0.3306,0.0901,0.5023,0.0519,0.0076,0.0022,0.0,0.0,2.905,1.0325
Tours_s1_upperarm_back,200,"[2.0,12.0]",trained_models/auto/ours_pc2_upperarm_back_s1/BEST/checkpoint_000014/checkpoint-14,150.0,0.0,15.0,0.0,6.37,1.8475,0.0,0.0,26.5413,7.6977,0.5275,0.1574,0.0865,0.0258,9.84,2.8429,0.656,0.1895,11.897,2.3919,0.7931,0.1595,1.6088,0.9204,0.41,0.8169,3.6423,2.653,55.9364,56.0526,6.3299,5.9474,0.2098,0.1966,0.47,0.4991,0.1637,0.0854,0.7129,0.1702,0.359,0.1158,0.383,0.096,0.199,0.1834,0.359,0.1328,0.7163,0.1641,4.0725,1.2918,1.62,0.5879,0.342,0.1823,0.4513,0.0577,0.0138,0.0077,0.0,0.0,4.975,1.5825
Tyubik_s1_upperarm_back,200,"[2.0,12.0]",trained_models/auto/yubik_upperarm_back_s1/BEST/checkpoint_000014/checkpoint-14,150.0,0.0,15.0,0.0,6.91,1.9473,0.0,0.0,28.7917,8.1135,0.5747,0.1603,0.0943,0.0263,9.235,3.5007,0.6157,0.2334,11.739,2.5924,0.7826,0.1728,1.9048,1.987,0.0426,0.2532,4.9075,3.4899,70.894,75.6211,8.9253,10.9393,0.134,0.0999,0.455,0.498,0.1687,0.0866,0.713,0.1744,0.364,0.1292,0.369,0.1022,0.1302,0.1417,0.3721,0.1147,0.6512,0.1446,4.5067,1.7701,1.71,0.6602,0.4045,0.1532,0.4666,0.0723,0.0204,0.022,0.0,0.0,5.055,1.7441
Bflat_s1_upperarm_back,200,"[2.0,12.0]",trained_models/auto/flat_pc24_s1/BEST/checkpoint_000014/checkpoint-14,150.0,0.0,15.0,0.0,6.605,1.8273,0.0,0.0,27.5206,7.6131,0.5973,0.1685,0.098,0.0276,8.7145,2.3516,0.581,0.1568,11.0705,1.8459,0.738,0.1231,1.6428,1.1599,0.0025,0.0357,5.5363,3.6155,63.4832,62.4116,7.677,7.0557,0.1033,0.0715,0.475,0.5472,0.205,0.1006,0.6966,0.1658,0.3865,0.1314,0.4025,0.0987,0.1725,0.1595,0.4095,0.1244,0.5725,0.1645,4.9413,1.6564,1.8,0.6928,0.4765,0.164,0.5169,0.0449,0.0182,0.008,0.0,0.0,5.28,1.7005
Tours_s1_upperarm_front,200,"[2.0,12.0]",trained_models/auto/ours_pc2_upperarm_front_s1/BEST/checkpoint_000014/checkpoint-14,150.0,0.0,15.0,0.0,5.07,2.5952,0.0,0.0,21.125,10.8133,0.4824,0.2488,0.0791,0.0408,7.9595,3.9895,0.5306,0.266,11.173,3.9099,0.7449,0.2607,2.1222,1.9111,0.2055,0.5518,5.5195,6.7878,65.7029,69.4387,8.6789,9.6297,0.1644,0.1319,0.8,0.4583,0.1642,0.0918,0.7675,0.185,0.3058,0.0941,0.3509,0.1105,0.1882,0.195,0.2868,0.1427,0.6878,0.1605,3.9312,1.996,2.185,0.9954,0.3453,0.1838,0.4449,0.046,0.0114,0.0044,0.0,0.0,3.75,2.1535
Tyubik_s1_upperarm_front,200,"[2.0,12.0]",trained_models/auto/yubik_upperarm_front_s1/BEST/checkpoint_000014/checkpoint-14,150.0,0.0,15.0,0.0,4.0,1.9875,0.0,0.0,16.6672,8.281,0.4201,0.1759,0.0689,0.0289,6.3145,3.1133,0.421,0.2076,9.4385,3.4662,0.6292,0.2311,2.3325,2.2969,0.048,0.3813,4.9295,7.2906,79.8195,90.964,10.6405,11.8669,0.1412,0.1185,0.825,0.38,0.144,0.0738,0.7753,0.2069,0.2573,0.0917,0.2661,0.0694,0.0121,0.0612,0.2668,0.1606,0.7487,0.1509,3.4406,1.6123,2.155,0.8894,0.2528,0.1572,0.3959,0.0869,0.008,0.0024,0.0,0.0,2.815,1.5036
Bflat_s1_upperarm_front,200,"[2.0,12.0]",trained_models/auto/flat_pc24_s1/BEST/checkpoint_000014/checkpoint-14,150.0,0.0,15.0,0.0,3.355,1.7575,0.0,0.0,13.9797,7.323,0.3975,0.1804,0.0652,0.0296,3.4385,1.9772,0.2292,0.1318,6.3365,2.2162,0.4224,0.1477,1.27,1.6838,0.0,0.0,2.0589,2.1624,35.8189,55.2199,6.0099,8.9034,0.0652,0.0826,0.82,0.4094,0.2375,0.1137,0.8156,0.2154,0.2544,0.0703,0.2409,0.0579,0.0029,0.0231,0.444,0.1969,0.4941,0.2175,3.7005,1.7971,1.81,0.6355,0.501,0.2454,0.5072,0.0684,0.015,0.0056,0.0,0.0,2.47,1.435
Aours_s2_forearm_back,100,"[2.0,12.0]",student_ours_4r_s2.pt,148.22,5.2566,14.822,0.5257,6.1,2.2204,0.0,0.0,40.666,14.8023,0.5948,0.1854,0.0975,0.0304,6.858,3.8313,0.4587,0.2543,9.841,3.0103,0.6615,0.1952,1.2235,1.0974,0.0969,0.3909,3.0036,2.3293,38.5168,53.8209,4.7448,5.8753,0.1596,0.1297,0.3,0.4583,0.1284,0.0862,0.7955,0.1998,0.261,0.1256,0.25,0.1072,0.0476,0.0948,0.3233,0.145,0.6707,0.1283,3.8747,1.5925,1.8,0.6164,0.3801,0.1288,0.4211,0.0548,0.012,0.0087,0.12,0.325,2.97,1.4591
Aours_s2_forearm_front,100,"[2.0,12.0]",student_ours_4r_s2.pt,150.0,0.0,15.0,0.0,6.56,1.0131,0.0,0.0,43.7334,6.7545,0.6815,0.1465,0.1118,0.024,11.369,2.1985,0.7579,0.1466,12.385,2.0299,0.8257,0.1353,1.9008,1.275,0.0748,0.2922,5.2553,4.3642,74.749,97.4532,7.8504,8.8847,0.2211,0.1229,1.0,0.469,0.2171,0.0786,0.6927,0.1257,0.363,0.0891,0.346,0.0655,0.0649,0.0786,0.2637,0.0488,0.6308,0.1105,5.6902,1.7116,1.26,0.5407,0.4066,0.1121,0.4575,0.0328,0.0148,0.0021,0.0,0.0,4.66,0.9297
Aours_s2_upperarm_back,100,"[2.0,12.0]",student_ours_4r_s2.pt,149.63,1.5916,14.963,0.1592,7.28,1.7781,0.0,0.0,30.3338,7.4092,0.6309,0.1629,0.1035,0.0267,9.107,2.9579,0.6085,0.1967,11.587,2.3482,0.774,0.1548,1.4921,1.078,0.0704,0.3346,4.5051,3.451,61.5863,60.5672,7.2805,6.8955,0.1059,0.0932,0.62,0.5056,0.202,0.0994,0.7419,0.18,0.366,0.1251,0.36,0.102,0.1053,0.1396,0.369,0.1275,0.6726,0.1555,4.7349,2.1239,1.74,0.7566,0.3745,0.1637,0.4967,0.1185,0.0238,0.0125,0.07,0.2551,4.94,1.6901
Aours_s2_upperarm_front,100,"[2.0,12.0]",student_ours_4r_s2.pt,147.07,7.9853,14.707,0.7985,4.56,2.662,0.0,0.0,18.9998,11.092,0.4267,0.2141,0.07,0.0351,7.271,3.9922,0.4857,0.2648,9.638,4.09,0.6452,0.2687,1.6469,1.6249,0.0046,0.0455,4.7154,5.3369,56.2665,65.8696,7.3507,8.2593,0.1076,0.0926,0.74,0.4609,0.2025,0.1313,0.704,0.1579,0.3085,0.1073,0.3329,0.122,0.1074,0.1275,0.2682,0.1431,0.6724,0.1791,3.7747,2.0836,1.89,0.8933,0.3427,0.2013,0.4528,0.0635,0.0109,0.004,0.17,0.3756,3.4,2.1726
Ayubik_s2_forearm_back,100,"[2.0,12.0]",student_yubik_4r_s2.pt,146.34,6.5639,14.634,0.6564,5.65,1.6515,0.0,0.0,37.6664,11.0092,0.6426,0.1729,0.1054,0.0284,6.239,2.9363,0.4215,0.191,9.064,2.0824,0.6172,0.1286,1.1332,1.1919,0.0006,0.0056,2.964,2.6354,33.8665,47.3826,4.7726,6.4955,0.1024,0.1014,0.52,0.5192,0.1755,0.1073,0.782,0.2143,0.262,0.1206,0.262,0.1093,0.0506,0.1193,0.3515,0.1366,0.4976,0.1466,5.7127,2.5015,1.88,0.621,0.5504,0.1401,0.4065,0.045,0.0091,0.0034,0.3,0.4583,2.95,1.3883
Ayubik_s2_forearm_front,100,"[2.0,12.0]",student_yubik_4r_s2.pt,149.52,2.7981,14.952,0.2798,7.72,2.2851,0.0,0.0,51.4674,15.2347,0.77,0.2178,0.1263,0.0357,10.817,2.8683,0.7225,0.189,12.019,2.523,0.8028,0.1651,1.9807,1.342,0.2448,0.5318,4.6192,3.5781,67.8908,85.0908,7.3405,8.0772,0.2466,0.1401,1.38,0.6896,0.3143,0.1503,0.6402,0.1179,0.4639,0.1348,0.3825,0.114,0.1587,0.1199,0.3075,0.103,0.5676,0.1469,7.7832,2.8839,1.38,0.5618,0.4561,0.1505,0.4457,0.0467,0.016,0.005,0.03,0.1706,5.27,1.9383
Ayubik_s2_upperarm_back,100,"[2.0,12.0]",student_yubik_4r_s2.pt,148.33,3.6934,14.833,0.3693,6.29,1.7105,0.0,0.0,26.2083,7.1265,0.5362,0.1258,0.0879,0.0206,6.96,2.5193,0.468,0.1658,9.915,1.694,0.6675,0.1073,1.2831,1.389,0.0427,0.3031,2.8706,2.096,58.563,69.5432,7.1229,8.4022,0.0899,0.0951,0.32,0.4665,0.163,0.0838,0.7497,0.18,0.333,0.1158,0.319,0.0987,0.0854,0.1202,0.379,0.1125,0.6722,0.1212,3.6585,1.2731,1.85,0.7124,0.383,0.137,0.459,0.0526,0.0132,0.0024,0.24,0.4271,4.18,1.3739
Ayubik_s2_upperarm_front,100,"[2.0,12.0]",student_yubik_4r_s2.pt,150.0,0.0,15.0,0.0,6.74,2.6024,0.0,0.0,28.0834,10.8429,0.553,0.1828,0.0907,0.03,8.197,2.6301,0.5465,0.1753,11.025,2.5836,0.735,0.1722,1.7284,1.251,0.0,0.0,4.1295,3.1787,76.5245,63.8733,9.1148,7.5321,0.1034,0.0927,0.7,0.4583,0.2065,0.0874,0.6864,0.1533,0.3598,0.1143,0.3902,0.1152,0.164,0.1416,0.3453,0.1418,0.5377,0.1835,4.3555,1.7172,2.02,0.7481,0.4973,0.1923,0.5606,0.0791,0.0122,0.0036,0.0,0.0,4.31,1.9884
Agen_s2_forearm_back,100,"[2.0,12.0]",student_gen_4r_s2.pt,145.84,7.8304,14.584,0.783,5.72,1.8498,0.0,0.0,38.1329,12.3312,0.568,0.1479,0.0932,0.0243,6.279,3.5051,0.4246,0.2289,9.311,2.9207,0.6347,0.1835,1.3245,1.2279,0.0392,0.2193,3.0713,2.7675,43.7921,50.8136,5.5909,6.2715,0.1333,0.1258,0.22,0.46,0.12,0.1007,0.7249,0.1983,0.235,0.1117,0.248,0.117,0.0474,0.1045,0.3243,0.1415,0.6282,0.1667,4.2293,1.7862,1.93,0.6672,0.4186,0.1658,0.3951,0.0461,0.0097,0.0033,0.3,0.4583,2.78,1.4253
Agen_s2_forearm_front,100,"[2.0,12.0]",student_gen_4r_s2.pt,149.31,3.2209,14.931,0.3221,6.68,1.9281,0.01,0.0995,44.5331,12.8542,0.6586,0.2115,0.108,0.0347,12.228,2.4972,0.8178,0.1643,13.326,2.1689,0.8913,0.1405,2.3685,2.1744,0.3215,0.8382,6.6825,6.952,84.8033,89.2992,8.653,8.5237,0.2409,0.1592,1.0,0.6481,0.1727,0.1288,0.6454,0.0976,0.3812,0.0893,0.3479,0.089,0.0715,0.113,0.2355,0.0822,0.735,0.1432,4.8814,2.898,1.41,0.5309,0.3102,0.1582,0.4473,0.0615,0.0133,0.0033,0.04,0.196,4.58,1.5243
Agen_s2_upperarm_back,100,"[2.0,12.0]",student_gen_4r_s2.pt,149.43,2.0506,14.943,0.2051,7.07,1.8881,0.0,0.0,29.4588,7.8679,0.6284,0.1484,0.1031,0.0243,8.504,2.5312,0.5685,0.1676,10.839,2.0906,0.7248,0.1369,1.4291,1.1156,0.0445,0.2498,3.2177,2.2648,61.5742,63.0465,7.2102,7.0018,0.1239,0.1008,0.6,0.4899,0.2098,0.1017,0.7289,0.1554,0.366,0.1313,0.388,0.1151,0.1382,0.1379,0.3861,0.1204,0.6964,0.1407,4.4263,1.8356,1.66,0.7513,0.357,0.1432,0.4537,0.0993,0.0175,0.0068,0.11,0.3129,5.06,1.6842
Agen_s2_upperarm_front,100,"[2.0,12.0]",student_gen_4r_s2.pt,149.21,3.8918,14.921,0.3892,5.54,2.8051,0.0,0.0,23.0839,11.6873,0.5178,0.233,0.0849,0.0382,7.497,3.5982,0.5005,0.2397,10.418,3.6613,0.6956,0.2428,1.7297,1.3046,0.0575,0.4131,3.565,3.8739,67.6487,68.9209,8.2547,7.7033,0.1331,0.1212,0.52,0.5192,0.1656,0.094,0.712,0.1822,0.3314,0.1164,0.336,0.1011,0.112,0.139,0.301,0.1534,0.5794,0.22,4.6756,2.2882,1.88,0.6524,0.4492,0.2409,0.478,0.0684,0.0135,0.0042,0.07,0.2551,3.51,1.9773
AstyO_s2_forearm_back,100,"[2.0,12.0]",student_style_4r_s2.pt,148.1,5.0349,14.81,0.5035,6.31,1.5342,0.0,0.0,42.0664,10.2279,0.6149,0.1348,0.1009,0.0221,8.071,3.4949,0.5417,0.2293,10.933,2.9023,0.7358,0.1857,1.5445,1.1277,0.1627,0.4966,4.5161,4.1384,48.0722,49.181,5.9523,5.5462,0.1794,0.1277,0.27,0.4659,0.1054,0.094,0.7853,0.19,0.282,0.1004,0.288,0.1003,0.0576,0.0993,0.3094,0.12,0.6307,0.1533,4.666,1.8503,1.95,0.7665,0.4186,0.155,0.4364,0.0658,0.0119,0.0036,0.16,0.3666,3.38,1.2065
AstyO_s2_forearm_front,100,"[2.0,12.0]",student_style_4r_s2.pt,149.2,5.6,14.92,0.56,6.5,1.3379,0.0,0.0,43.3337,8.9194,0.6385,0.1622,0.1047,0.0266,10.887,2.1115,0.7281,0.1349,11.884,2.1463,0.7948,0.1362,1.895,1.1061,0.1161,0.3823,4.9902,3.0582,57.3076,58.8042,6.4529,5.8673,0.2443,0.1133,1.04,0.4224,0.211,0.0753,0.6731,0.0992,0.3643,0.0659,0.3388,0.0649,0.0638,0.0888,0.2635,0.0557,0.6411,0.094,5.3978,1.7137,1.19,0.5039,0.3968,0.0996,0.4594,0.0302,0.0133,0.0023,0.02,0.14,4.6,1.0198
AstyO_s2_upperarm_back,100,"[2.0,12.0]",student_style_4r_s2.pt,148.83,3.5272,14.883,0.3527,6.78,1.8143,0.0,0.0,28.2503,7.5597,0.6396,0.135,0.1049,0.0221,8.247,2.7257,0.5534,0.1799,10.644,2.2487,0.7142,0.1454,1.5523,1.593,0.0867,0.3985,3.8557,3.1936,59.4619,71.9149,7.4048,9.1216,0.1192,0.1095,0.66,0.4944,0.2263,0.0899,0.7631,0.1872,0.354,0.1195,0.346,0.1014,0.0783,0.12,0.379,0.1085,0.6326,0.1454,4.8472,1.912,1.69,0.6587,0.4116,0.1514,0.4776,0.1051,0.0225,0.0087,0.14,0.347,4.84,1.7013
AstyO_s2_upperarm_front,100,"[2.0,12.0]",student_style_4r_s2.pt,148.3,6.2249,14.83,0.6225,4.76,2.4784,0.0,0.0,19.8326,10.3264,0.4516,0.209,0.0741,0.0343,7.507,3.5289,0.5009,0.2346,10.052,3.8978,0.6716,0.2581,1.7005,1.7174,0.0316,0.2357,4.4312,4.6491,64.0381,68.6945,7.8536,8.234,0.1246,0.0965,0.73,0.5071,0.2049,0.1394,0.7584,0.1874,0.3106,0.1106,0.3376,0.1255,0.1098,0.1456,0.2663,0.1231,0.6904,0.1753,4.0096,2.1269,1.91,0.8613,0.3283,0.1945,0.4423,0.0576,0.0109,0.0037,0.12,0.325,3.48,2.0223
AstyY_s2_forearm_back,100,"[2.0,12.0]",student_style_4r_s2.pt,146.65,7.1448,14.665,0.7145,6.69,1.6655,0.01,0.0995,44.5991,11.1024,0.6792,0.1297,0.1114,0.0213,6.736,2.8541,0.4578,0.1913,9.428,2.3503,0.6421,0.1531,1.588,1.5285,0.0052,0.0405,3.1545,2.6028,54.5568,58.0148,7.4505,8.2898,0.1143,0.1035,0.49,0.5567,0.21,0.1068,0.7335,0.2048,0.287,0.0924,0.287,0.0891,0.0444,0.0966,0.3536,0.1159,0.5101,0.1266,4.8762,1.7063,1.88,0.6675,0.5252,0.1248,0.4115,0.0422,0.0111,0.0041,0.26,0.4386,3.44,1.3139
AstyY_s2_forearm_front,100,"[2.0,12.0]",student_style_4r_s2.pt,149.65,3.4825,14.965,0.3482,7.64,1.5525,0.0,0.0,50.9326,10.3503,0.7238,0.1762,0.1187,0.0289,11.163,2.6401,0.7449,0.1741,12.053,2.2449,0.8045,0.1468,1.6629,0.7961,0.9357,1.1285,3.7618,1.2229,48.594,46.9731,5.2044,4.5678,0.3055,0.1929,1.12,0.7111,0.2812,0.1712,0.5857,0.1039,0.4374,0.1299,0.3687,0.1134,0.1067,0.1059,0.2904,0.076,0.615,0.1358,6.7909,2.7215,1.08,0.3059,0.4358,0.1389,0.4695,0.0472,0.0152,0.0027,0.01,0.0995,5.32,1.5677
AstyY_s2_upperarm_back,100,"[2.0,12.0]",student_style_4r_s2.pt,148.04,3.8831,14.804,0.3883,6.64,1.8896,0.0,0.0,27.667,7.8721,0.5492,0.1352,0.0901,0.0222,7.033,2.8209,0.4733,0.1853,9.814,2.0087,0.6617,0.1279,1.6098,1.5099,0.0576,0.4034,3.7917,2.8112,65.4417,70.1751,8.617,9.1138,0.0883,0.0949,0.35,0.477,0.1418,0.0816,0.7287,0.1885,0.355,0.1169,0.315,0.0942,0.0863,0.1282,0.3877,0.1083,0.6833,0.1083,3.5564,1.142,1.88,0.725,0.3674,0.1205,0.4807,0.0436,0.0143,0.0029,0.26,0.4386,4.51,1.5652
AstyY_s2_upperarm_front,100,"[2.0,12.0]",student_style_4r_s2.pt,149.89,1.0945,14.989,0.1094,6.29,2.578,0.0,0.0,26.2083,10.7412,0.5332,0.1893,0.0875,0.031,7.636,2.875,0.5091,0.1917,10.583,3.0441,0.7055,0.2029,1.3518,1.1655,0.0006,0.0061,3.5599,3.0559,52.8143,56.0578,6.4681,6.7547,0.0993,0.0848,0.56,0.4964,0.2083,0.0941,0.6636,0.1651,0.362,0.1178,0.3609,0.1073,0.1382,0.1481,0.3516,0.1342,0.5341,0.189,4.5013,1.8056,1.96,0.7338,0.4989,0.2097,0.5147,0.0719,0.0118,0.0038,0.01,0.0995,4.17,1.9802
Tours_s2_forearm_back,200,"[2.0,12.0]",trained_models/auto/ours_pc2_forearm_back_s2/BEST/checkpoint_000014/checkpoint-14,150.0,0.0,15.0,0.0,6.2,2.01,0.0,0.0,41.3333,13.3991,0.6359,0.1587,0.1043,0.026,7.421,3.7758,0.4947,0.2517,10.3175,2.9546,0.6878,0.197,1.3782,1.2833,0.0569,0.2468,3.4579,2.8407,43.006,55.5254,5.5239,6.9517,0.1525,0.1234,0.465,0.582,0.1539,0.0923,0.7659,0.1976,0.2895,0.1266,0.2735,0.1056,0.0427,0.0884,0.3228,0.1308,0.6302,0.1262,4.5527,1.6346,1.77,0.5264,0.4202,0.1302,0.4204,0.0646,0.014,0.0088,0.0,0.0,3.325,1.5131
Tyubik_s2_forearm_back,200,"[2.0,12.0]",trained_models/auto/baseline_rl_s2/BEST/checkpoint_000014/checkpoint-14,150.0,0.0,15.0,0.0,6.045,1.6072,0.0,0.0,40.2999,10.7133,0.6436,0.1429,0.1056,0.0234,6.4115,2.8258,0.4274,0.1884,9.079,2.0962,0.6053,0.1397,1.4818,1.3552,0.0,0.0,3.6812,3.1862,51.3845,56.0119,7.0131,7.518,0.0985,0.0913,0.355,0.4889,0.1679,0.1121,0.8037,0.2067,0.264,0.097,0.2565,0.0869,0.0231,0.0667,0.3491,0.1462,0.536,0.1485,4.6333,1.5102,2.045,0.8142,0.5034,0.1411,0.4202,0.0452,0.0098,0.003,0.0,0.0,3.105,1.2586
Bflat_s2_forearm_back,200,"[2.0,12.0]",trained_models/auto/flat_pc24_s2/BEST/checkpoint_000014/checkpoint-14,150.0,0.0,15.0,0.0,4.6,2.01,0.0,0.0,30.6662,13.3997,0.535,0.1671,0.0877,0.0274,4.9345,2.2635,0.329,0.1509,8.783,1.9907,0.5855,0.1327,1.4703,1.9813,0.0,0.0,2.2539,3.9723,53.5011,73.4554,7.8708,11.0846,0.0419,0.0664,0.225,0.4294,0.1262,0.1254,0.849,0.2103,0.2225,0.0908,0.218,0.0841,0.0427,0.0994,0.3502,0.135,0.5288,0.1353,5.1914,2.4889,1.91,0.5761,0.4966,0.1337,0.4351,0.0573,0.0106,0.0032,0.0,0.0,2.49,1.1661
Tours_s2_forearm_front,200,"[2.0,12.0]",trained_models/auto/ours_pc2_forearm_front_s2/BEST/checkpoint_000014/checkpoint-14,150.0,0.0,15.0,0.0,6.295,1.5258,0.0,0.0,41.9676,10.1714,0.6672,0.1552,0.1094,0.0255,11.111,3.0226,0.7407,0.2015,12.27,2.3051,0.818,0.1537,1.9381,1.3803,0.0939,0.3373,4.7462,2.8152,74.5045,67.7944,8.0578,7.1298,0.2173,0.1223,0.835,0.5175,0.2121,0.0808,0.6704,0.1654,0.3955,0.1192,0.3719,0.0978,0.0571,0.0754,0.3089,0.0757,0.6083,0.1266,6.184,1.9568,1.295,0.5814,0.4248,0.1303,0.4367,0.0241,0.0138,0.0025,0.0,0.0,5.1,1.4387
Tyubik_s2_forearm_front,200,"[2.0,12.0]",trained_models/auto/yubik_front_s2/BEST/checkpoint_000014/checkpoint-14,149.75,2.4875,14.975,0.2487,6.99,1.5492,0.01,0.0995,46.5997,10.3277,0.6951,0.1801,0.114,0.0295,9.5535,2.9073,0.6386,0.1962,11.0425,2.5273,0.7378,0.1703,1.7039,0.9376,0.2967,0.7302,4.0172,1.4827,54.1279,51.2717,6.3743,5.7095,0.2389,0.1411,1.0,0.7141,0.2237,0.1377,0.6874,0.1058,0.4538,0.1318,0.3442,0.0894,0.0571,0.089,0.3179,0.0814,0.6177,0.1338,6.361,2.4557,1.23,0.4659,0.4152,0.1487,0.46,0.065,0.0127,0.0023,0.0,0.0,5.425,1.38
Bflat_s2_forearm_front,200,"[2.0,12.0]",trained_models/auto/flat_pc24_s2/BEST/checkpoint_000014/checkpoint-14,149.89,1.1126,14.989,0.1113,6.185,1.4734,0.01,0.0995,41.2343,9.8221,0.682,0.1274,0.1119,0.0209,9.779,3.1455,0.6527,0.2108,11.284,2.6067,0.753,0.1747,1.7807,1.4824,0.0017,0.0214,4.4248,4.7625,89.1538,80.3812,10.0319,8.8398,0.0775,0.0673,0.075,0.2817,0.1579,0.0813,0.7129,0.1492,0.3181,0.1074,0.2864,0.0755,0.0181,0.057,0.2601,0.0829,0.654,0.1219,4.7843,1.4185,1.435,0.6601,0.3855,0.1309,0.537,0.0464,0.0125,0.0019,0.0,0.0,4.16,1.2142
Tours_s2_upperarm_back,200,"[2.0,12.0]",trained_models/auto/ours_pc2_upperarm_back_s2/BEST/checkpoint_000014/checkpoint-14,150.0,0.0,15.0,0.0,7.265,1.6139,0.0,0.0,30.2711,6.7248,0.658,0.1309,0.1079,0.0215,8.7445,2.763,0.583,0.1842,11.1135,2.3619,0.7409,0.1575,1.5169,1.3671,0.0386,0.2458,4.2342,3.2418,58.3064,64.2012,7.1651,8.018,0.1157,0.0949,0.695,0.4816,0.2155,0.1077,0.7235,0.1575,0.382,0.1337,0.3505,0.1005,0.095,0.1482,0.3671,0.1112,0.6581,0.1526,4.5668,1.7225,1.78,0.7427,0.3853,0.1541,0.4806,0.1069,0.0221,0.0088,0.0,0.0,5.13,1.6891
Tyubik_s2_upperarm_back,200,"[2.0,12.0]",trained_models/auto/yubik_upperarm_back_s2/BEST/checkpoint_000014/checkpoint-14,150.0,0.0,15.0,0.0,6.285,1.9323,0.0,0.0,26.1879,8.0506,0.5297,0.1359,0.0869,0.0223,7.0685,2.7369,0.4712,0.1825,9.8855,2.0729,0.659,0.1382,1.6977,1.6655,0.0413,0.2929,3.5716,2.7788,66.8962,68.4622,8.9553,9.6387,0.0874,0.0932,0.375,0.4943,0.1571,0.0825,0.7258,0.1856,0.344,0.1147,0.32,0.0949,0.0815,0.1244,0.3805,0.1136,0.6798,0.1149,3.6211,1.2932,1.855,0.8025,0.3644,0.1236,0.4622,0.047,0.0138,0.004,0.0,0.0,4.365,1.5594
Bflat_s2_upperarm_back,200,"[2.0,12.0]",trained_models/auto/flat_pc24_s2/BEST/checkpoint_000014/checkpoint-14,150.0,0.0,15.0,0.0,6.325,1.7145,0.0,0.0,26.3542,7.1438,0.5244,0.1365,0.086,0.0224,9.6365,3.4742,0.6424,0.2316,11.845,2.6268,0.7897,0.1751,1.617,1.2476,0.1553,0.5119,4.7006,3.8982,57.6457,65.6944,6.9727,7.7891,0.1353,0.1261,0.21,0.4073,0.1388,0.0972,0.696,0.1745,0.334,0.1164,0.395,0.1224,0.1544,0.1619,0.3584,0.1193,0.6734,0.1521,4.117,1.507,1.795,0.695,0.38,0.1601,0.4863,0.0497,0.0247,0.0442,0.0,0.0,4.855,1.595
Tours_s2_upperarm_front,200,"[2.0,12.0]",trained_models/auto/ours_pc2_upperarm_front_s2/BEST/checkpoint_000014/checkpoint-14,150.0,0.0,15.0,0.0,4.92,2.6464,0.0,0.0,20.4998,11.0271,0.4482,0.2036,0.0735,0.0334,7.2805,3.4937,0.4854,0.2329,10.1505,3.8179,0.6767,0.2545,1.726,1.6165,0.0769,0.4407,4.6332,4.7136,59.2016,63.6719,7.5196,8.111,0.1347,0.1143,0.705,0.4878,0.204,0.1308,0.7105,0.1724,0.3105,0.1195,0.3485,0.123,0.1456,0.1528,0.2843,0.1445,0.6799,0.1812,3.8742,1.9682,2.075,0.8714,0.3351,0.1951,0.42,0.0448,0.0101,0.0031,0.0,0.0,3.665,2.2074
Tyubik_s2_upperarm_front,200,"[2.0,12.0]",trained_models/auto/yubik_upperarm_front_s2/BEST/checkpoint_000014/checkpoint-14,150.0,0.0,15.0,0.0,5.945,3.076,0.0,0.0,24.7707,12.8163,0.4983,0.2227,0.0817,0.0365,7.34,2.9373,0.4893,0.1958,10.584,3.262,0.7056,0.2175,1.599,1.2147,0.0002,0.0023,4.1101,3.9027,64.6364,60.7924,8.0124,7.1953,0.0966,0.0923,0.67,0.4702,0.1908,0.1076,0.6557,0.1552,0.3663,0.1268,0.3721,0.1127,0.1399,0.1708,0.3401,0.1725,0.5663,0.2248,4.1048,2.0119,2.15,0.7053,0.4611,0.2392,0.4751,0.059,0.0104,0.0034,0.0,0.0,4.02,2.289
Bflat_s2_upperarm_front,200,"[2.0,12.0]",trained_models/auto/flat_pc24_s2/BEST/checkpoint_000014/checkpoint-14,150.0,0.0,15.0,0.0,4.37,2.3309,0.0,0.0,18.2094,9.7122,0.3504,0.1818,0.0575,0.0298,4.8425,2.7672,0.3228,0.1845,7.921,3.3408,0.5281,0.2227,1.2358,1.6476,0.0,0.0,1.8789,2.8079,49.3498,72.7751,6.6851,9.4537,0.0539,0.0755,0.395,0.4889,0.1387,0.1125,0.7649,0.212,0.2807,0.0987,0.283,0.0852,0.0466,0.1035,0.3709,0.1872,0.6576,0.1815,3.6128,2.2031,1.805,0.753,0.3943,0.2185,0.4759,0.057,0.0123,0.0049,0.0,0.0,2.985,1.7958
Aours_s3_forearm_back,100,"[2.0,12.0]",student_ours_4r_s3.pt,147.81,6.0244,14.781,0.6024,5.92,1.3167,0.0,0.0,39.4662,8.7771,0.5783,0.1584,0.0948,0.026,7.908,3.2533,0.5303,0.2128,10.433,2.8764,0.7025,0.1826,1.3255,1.1628,0.3155,0.8414,3.3632,2.8907,36.6813,50.5464,4.5897,5.5199,0.1814,0.1886,0.16,0.3666,0.138,0.0936,0.7912,0.2024,0.25,0.0781,0.26,0.0906,0.046,0.1005,0.289,0.1348,0.6117,0.1674,4.5347,1.5676,1.73,0.5976,0.4563,0.1608,0.4368,0.0661,0.0108,0.002,0.13,0.3363,3.08,1.2303
Aours_s3_forearm_front,100,"[2.0,12.0]",student_ours_4r_s3.pt,149.96,0.398,14.996,0.0398,5.97,0.8421,0.0,0.0,39.8002,5.6146,0.6238,0.1045,0.1023,0.0171,9.876,1.3971,0.6585,0.0929,10.717,1.2816,0.7146,0.0851,1.4922,0.6501,0.052,0.1758,4.2139,0.7041,43.894,48.4827,4.8842,4.5508,0.2416,0.1006,1.03,0.4349,0.2512,0.0909,0.6632,0.0489,0.3677,0.0529,0.3121,0.0383,0.0123,0.046,0.2863,0.0658,0.6761,0.0789,6.1045,2.4324,1.02,0.14,0.3695,0.074,0.3048,0.0558,0.0077,0.0013,0.01,0.0995,4.01,0.6082
Aours_s3_upperarm_back,100,"[2.0,12.0]",student_ours_4r_s3.pt,149.74,1.5074,14.974,0.1507,6.63,1.7644,0.0,0.0,27.6252,7.3512,0.5711,0.1174,0.0937,0.0193,9.02,2.7153,0.602,0.1802,11.335,2.0364,0.7566,0.1341,1.5775,0.9817,0.1175,0.4197,3.3133,1.7266,67.0792,65.2564,7.7217,7.0892,0.1531,0.1214,0.39,0.4877,0.1713,0.0811,0.6634,0.1655,0.36,0.1183,0.378,0.1025,0.1547,0.1448,0.3649,0.0935,0.6446,0.1411,4.2512,1.3548,1.69,0.5778,0.4345,0.1428,0.5358,0.024,0.0173,0.0034,0.05,0.2179,4.77,1.5865
Aours_s3_upperarm_front,100,"[2.0,12.0]",student_ours_4r_s3.pt,148.54,5.1545,14.854,0.5154,7.3,3.0017,0.0,0.0,30.4163,12.5067,0.5246,0.1844,0.086,0.0302,11.111,3.9011,0.7425,0.257,13.126,3.855,0.8784,0.2524,1.66,1.105,0.1976,0.7082,4.0034,2.4751,73.0675,67.2411,7.2839,6.1634,0.2018,0.1311,0.69,0.4625,0.1781,0.088,0.6795,0.1322,0.4231,0.111,0.456,0.1224,0.321,0.1323,0.308,0.1103,0.7314,0.1252,4.2908,1.989,1.72,0.694,0.312,0.1488,0.6174,0.045,0.0218,0.0056,0.1,0.3,5.13,2.2524
Ayubik_s3_forearm_back,100,"[2.0,12.0]",student_yubik_4r_s3.pt,148.03,5.1117,14.803,0.5112,6.92,2.1386,0.0,0.0,46.1334,14.2578,0.6671,0.1924,0.1094,0.0315,7.015,3.2017,0.4708,0.2101,10.059,2.7274,0.6774,0.175,1.6406,1.7253,0.0,0.0,4.6183,4.6545,55.8234,68.1033,7.4053,8.8741,0.1084,0.09,0.51,0.6082,0.1879,0.1022,0.7739,0.1991,0.304,0.1166,0.3,0.1086,0.0387,0.0836,0.3686,0.1383,0.5762,0.152,4.0316,1.4262,1.89,0.6308,0.4754,0.1577,0.4327,0.0379,0.0103,0.0028,0.21,0.4073,3.7,1.5264
Ayubik_s3_forearm_front,100,"[2.0,12.0]",student_yubik_4r_s3.pt,149.41,2.7499,14.941,0.275,8.31,2.0528,0.04,0.196,55.4006,13.6858,0.8557,0.197,0.1403,0.0323,12.761,3.3563,0.8528,0.2212,13.245,2.8038,0.8853,0.1835,1.8421,0.8836,0.568,0.8699,5.0493,2.256,53.6803,44.3738,5.577,4.3899,0.2833,0.1551,1.38,0.7846,0.2452,0.0982,0.6126,0.1034,0.4745,0.1215,0.3694,0.0908,0.1027,0.0991,0.2575,0.0692,0.6729,0.0904,6.2063,2.1507,1.05,0.2179,0.355,0.0917,0.4289,0.0381,0.0092,0.0021,0.06,0.2375,5.37,1.6653
Ayubik_s3_upperarm_back,100,"[2.0,12.0]",student_yubik_4r_s3.pt,149.95,0.3571,14.995,0.0357,7.33,1.9903,0.0,0.0,30.5419,8.2925,0.6642,0.1358,0.1089,0.0223,9.652,2.8221,0.6436,0.188,12.49,2.2877,0.8329,0.1522,1.559,0.9935,0.0249,0.2367,4.4708,3.21,68.6412,57.9476,7.9309,6.2207,0.0985,0.0814,0.52,0.4996,0.1876,0.062,0.68,0.1684,0.411,0.137,0.41,0.1127,0.2344,0.1697,0.38,0.0984,0.6094,0.1046,4.274,1.0977,2.11,0.9476,0.4623,0.1103,0.4609,0.038,0.0155,0.0029,0.03,0.1706,5.29,1.8182
Ayubik_s3_upperarm_front,100,"[2.0,12.0]",student_yubik_4r_s3.pt,149.64,2.5001,14.964,0.25,5.73,2.4077,0.0,0.0,23.8772,10.0326,0.4955,0.1601,0.0813,0.0263,9.262,3.5721,0.6181,0.2372,11.569,3.3437,0.7725,0.2214,2.0068,1.4959,0.0277,0.249,4.6934,3.6088,78.9085,69.8688,9.2628,8.0603,0.1527,0.1249,0.85,0.3571,0.1342,0.0599,0.6659,0.1389,0.3258,0.0712,0.3236,0.0687,0.0354,0.0873,0.246,0.1171,0.7802,0.1142,3.6721,1.5598,1.7,0.5745,0.2332,0.1164,0.4469,0.0644,0.0094,0.0026,0.03,0.1706,3.35,1.479
Agen_s3_forearm_back,100,"[2.0,12.0]",student_gen_4r_s3.pt,148.16,5.4346,14.816,0.5435,5.93,1.4646,0.0,0.0,39.5328,9.7641,0.547,0.1453,0.0897,0.0238,8.042,3.4131,0.5386,0.224,10.975,2.857,0.7376,0.1817,1.6452,1.3223,0.2091,0.6506,3.6757,2.8014,55.9951,62.7394,6.7106,7.2279,0.1824,0.1721,0.13,0.3363,0.1287,0.1037,0.7991,0.1991,0.271,0.0941,0.292,0.1007,0.068,0.1383,0.3093,0.1252,0.657,0.1502,3.9989,1.5333,1.93,0.5875,0.4056,0.1612,0.3948,0.0667,0.0108,0.0035,0.14,0.347,3.34,1.1681
Agen_s3_forearm_front,100,"[2.0,12.0]",student_gen_4r_s3.pt,150.0,0.0,15.0,0.0,7.17,1.3569,0.0,0.0,47.8006,9.046,0.7123,0.1752,0.1168,0.0287,12.692,2.759,0.8461,0.1839,13.378,2.2857,0.8919,0.1524,1.7788,0.7112,0.3342,0.5026,4.7737,1.4489,52.4871,49.421,5.6124,4.6856,0.2746,0.0818,1.31,0.4625,0.2595,0.1039,0.6295,0.0964,0.399,0.1063,0.355,0.0792,0.0644,0.098,0.2444,0.0541,0.6708,0.0892,6.6154,2.2357,1.06,0.2375,0.3742,0.0911,0.3594,0.0387,0.0093,0.0014,0.0,0.0,5.04,1.3705
Agen_s3_upperarm_back,100,"[2.0,12.0]",student_gen_4r_s3.pt,150.0,0.0,15.0,0.0,6.75,1.9307,0.0,0.0,28.1248,8.0447,0.6021,0.132,0.0988,0.0217,10.667,2.7757,0.7111,0.185,12.705,2.0915,0.847,0.1394,1.5883,0.8787,0.1944,0.5318,4.1886,1.8625,63.3616,59.6137,6.6816,5.7656,0.1903,0.1188,0.29,0.4538,0.146,0.0888,0.6892,0.1603,0.395,0.1352,0.413,0.1189,0.2165,0.1513,0.3491,0.1132,0.6282,0.143,4.8201,1.4765,1.63,0.6427,0.4366,0.1418,0.4986,0.0379,0.0169,0.0041,0.0,0.0,5.23,1.7427
Agen_s3_upperarm_front,100,"[2.0,12.0]",student_gen_4r_s3.pt,148.8,4.9578,14.88,0.4958,6.56,2.6845,0.0,0.0,27.333,11.185,0.5008,0.1794,0.0821,0.0294,10.124,3.896,0.6762,0.2575,12.604,3.7643,0.8432,0.2465,1.7718,1.6307,0.1386,0.5236,4.9911,3.3785,64.6519,65.6062,7.3835,7.8162,0.1724,0.1206,0.83,0.3756,0.1291,0.0621,0.6762,0.1301,0.3744,0.0938,0.3978,0.1174,0.2558,0.145,0.284,0.1202,0.7647,0.1059,3.7799,1.5439,1.84,0.7579,0.2816,0.1296,0.5597,0.053,0.0172,0.0042,0.06,0.2375,4.41,2.0302
AstyO_s3_forearm_back,100,"[2.0,12.0]",student_style_4r_s3.pt,147.68,6.3212,14.768,0.6321,6.2,1.3565,0.01,0.0995,41.3334,9.0426,0.5734,0.1352,0.094,0.0222,8.186,3.4891,0.55,0.23,10.979,2.7274,0.7407,0.174,1.466,1.0839,0.4432,0.9477,3.8347,2.5988,38.1081,46.5614,4.7468,5.1602,0.2172,0.1899,0.18,0.3842,0.1449,0.1045,0.7458,0.2095,0.272,0.1011,0.274,0.0976,0.0649,0.1419,0.2935,0.1159,0.6022,0.1899,4.5699,1.5035,1.81,0.4836,0.4575,0.1738,0.4388,0.0617,0.0109,0.0024,0.15,0.3571,3.26,1.3973
AstyO_s3_forearm_front,100,"[2.0,12.0]",student_style_4r_s3.pt,149.98,0.199,14.998,0.0199,6.02,1.4831,0.0,0.0,40.1333,9.8873,0.5849,0.1248,0.0959,0.0205,11.318,2.2675,0.7546,0.151,12.3,1.9849,0.8201,0.1322,1.9357,0.7508,0.4734,0.793,4.677,0.8055,56.2947,50.5138,5.9267,4.5286,0.3295,0.1086,0.96,0.196,0.1389,0.0894,0.6528,0.0707,0.3604,0.0568,0.3177,0.0433,0.0298,0.0779,0.2503,0.0784,0.7688,0.114,4.9601,2.5152,1.06,0.2375,0.2543,0.1146,0.2939,0.0902,0.0073,0.0022,0.01,0.0995,3.98,1.0098
AstyO_s3_upperarm_back,100,"[2.0,12.0]",student_style_4r_s3.pt,149.91,0.634,14.991,0.0634,6.67,1.6856,0.0,0.0,27.7913,7.023,0.583,0.1211,0.0956,0.0199,9.546,3.3741,0.6366,0.2247,11.565,2.3494,0.7713,0.1562,1.6278,1.2012,0.0548,0.2624,2.985,1.9636,70.3412,71.4161,8.1516,8.522,0.1529,0.1143,0.37,0.4828,0.1544,0.0765,0.6967,0.1701,0.363,0.1146,0.391,0.115,0.1592,0.1553,0.3637,0.1041,0.6506,0.1291,4.5701,1.6113,1.62,0.6447,0.4238,0.1347,0.5397,0.0268,0.0169,0.003,0.03,0.1706,4.84,1.5794
AstyO_s3_upperarm_front,100,"[2.0,12.0]",student_style_4r_s3.pt,147.36,7.0817,14.736,0.7082,6.8,2.9086,0.0,0.0,28.3323,12.1187,0.5189,0.186,0.0851,0.0305,10.393,4.1979,0.6962,0.2747,12.594,4.0593,0.8464,0.2617,1.7021,1.6838,0.1034,0.4822,4.8119,9.4228,71.0598,70.0928,7.7345,7.7818,0.1579,0.1131,0.76,0.4271,0.1732,0.0823,0.699,0.1394,0.4078,0.1067,0.4267,0.1209,0.3008,0.145,0.304,0.1095,0.7234,0.1214,4.0129,1.8321,1.73,0.7329,0.3084,0.1439,0.6243,0.0442,0.0212,0.0054,0.14,0.347,4.81,2.134
AstyY_s3_forearm_back,100,"[2.0,12.0]",student_style_4r_s3.pt,148.07,4.6417,14.807,0.4642,6.94,2.1486,0.0,0.0,46.2674,14.3246,0.6793,0.1948,0.1114,0.0319,6.961,3.0433,0.4673,0.1995,10.138,2.7619,0.6824,0.1772,1.567,1.6236,0.0252,0.2045,3.9042,3.8605,55.4719,67.3435,7.202,8.4937,0.103,0.0953,0.57,0.5702,0.1898,0.1106,0.7748,0.1797,0.307,0.121,0.297,0.1081,0.0333,0.0818,0.3609,0.1365,0.5954,0.157,4.0382,1.5217,1.94,0.7592,0.4654,0.1499,0.4301,0.037,0.0114,0.003,0.22,0.4142,3.79,1.5251
AstyY_s3_forearm_front,100,"[2.0,12.0]",student_style_4r_s3.pt,149.44,2.8542,14.944,0.2854,8.5,1.8248,0.01,0.0995,56.6677,12.1666,0.8604,0.1982,0.1411,0.0325,12.909,3.2509,0.862,0.214,13.329,2.7984,0.8905,0.1827,1.9122,0.8312,0.6008,0.9227,5.0782,1.9264,54.6611,43.3104,5.7913,4.2058,0.2997,0.1618,1.42,0.7096,0.2557,0.1083,0.6134,0.0953,0.4778,0.1194,0.3939,0.0983,0.1209,0.0957,0.2718,0.069,0.65,0.09,6.3936,2.3562,1.06,0.2764,0.3807,0.0945,0.4239,0.0406,0.0106,0.0019,0.05,0.2179,5.63,1.6288
AstyY_s3_upperarm_back,100,"[2.0,12.0]",student_style_4r_s3.pt,149.87,0.6731,14.987,0.0673,7.37,2.0428,0.0,0.0,30.708,8.5111,0.6687,0.1577,0.1097,0.0259,9.356,2.8321,0.6241,0.1884,11.843,2.3291,0.79,0.1546,1.6855,0.9702,0.008,0.0596,3.8489,2.3389,74.6433,55.9982,8.7981,6.6675,0.111,0.0916,0.59,0.4918,0.2113,0.0595,0.6802,0.155,0.414,0.1349,0.393,0.1098,0.205,0.1872,0.3866,0.0982,0.585,0.1077,4.4478,1.1459,1.87,0.8081,0.4833,0.1139,0.4701,0.0326,0.0157,0.0028,0.04,0.196,5.3,1.8193
AstyY_s3_upperarm_front,100,"[2.0,12.0]",student_style_4r_s3.pt,149.71,2.0895,14.971,0.2089,5.76,2.612,0.0,0.0,24.0014,10.8832,0.4964,0.1806,0.0814,0.0296,9.127,3.6689,0.6089,0.2439,11.246,3.4738,0.7507,0.2305,1.716,1.0121,0.0091,0.0801,4.482,2.8998,72.2848,56.855,8.1933,6.0224,0.1339,0.1029,0.84,0.3666,0.1324,0.065,0.6665,0.1282,0.3184,0.067,0.3241,0.0742,0.0216,0.0665,0.2338,0.1143,0.7784,0.1229,3.5831,1.8342,1.71,0.6971,0.2335,0.1295,0.4716,0.0785,0.0096,0.0026,0.02,0.14,3.26,1.5338
Tours_s3_forearm_back,200,"[2.0,12.0]",trained_models/auto/ours_pc2_forearm_back_s3/BEST/checkpoint_000014/checkpoint-14,150.0,0.0,15.0,0.0,6.035,1.3542,0.0,0.0,40.233,9.0273,0.5742,0.1342,0.0942,0.022,7.762,3.2899,0.5175,0.2193,10.549,2.6159,0.7033,0.1744,1.4508,1.2216,0.1602,0.592,3.297,2.8378,45.9908,52.5083,5.8817,6.6377,0.1573,0.163,0.165,0.3712,0.1471,0.1092,0.819,0.1951,0.2675,0.0927,0.2725,0.0948,0.0351,0.095,0.301,0.1173,0.5783,0.1683,4.6476,1.5646,1.845,0.5486,0.4815,0.1582,0.4056,0.0513,0.0098,0.002,0.0,0.0,3.16,1.2627
Tyubik_s3_forearm_back,200,"[2.0,12.0]",trained_models/auto/baseline_rl_s3/BEST/checkpoint_000014/checkpoint-14,149.99,0.1411,14.999,0.0141,7.22,2.1241,0.005,0.0705,48.1336,14.1612,0.6999,0.1729,0.1148,0.0283,7.05,2.9618,0.47,0.1975,10.2045,2.6143,0.6804,0.1744,1.7338,1.3903,0.0,0.0,3.895,2.8213,62.6487,63.5677,8.2044,8.2883,0.1244,0.0877,0.455,0.555,0.1871,0.1018,0.7827,0.1785,0.323,0.119,0.3055,0.1059,0.0415,0.092,0.3681,0.1115,0.5795,0.1411,3.8922,1.3233,1.965,0.7168,0.4758,0.1403,0.4251,0.0272,0.0113,0.0026,0.0,0.0,3.84,1.5538
Bflat_s3_forearm_back,200,"[2.0,12.0]",trained_models/auto/flat_pc24_s3/BEST/checkpoint_000014/checkpoint-14,150.0,0.0,15.0,0.0,3.69,1.3243,0.0,0.0,24.6,8.8297,0.4428,0.2017,0.0726,0.0331,3.051,1.8897,0.2034,0.126,5.935,1.0965,0.3957,0.0731,0.6886,1.5047,0.0,0.0,0.8852,3.1167,22.7148,51.5972,3.6156,7.9147,0.0093,0.0301,0.21,0.4073,0.129,0.0994,0.8727,0.1993,0.1615,0.0835,0.155,0.0669,0.0031,0.026,0.375,0.164,0.7007,0.1536,3.1086,1.7994,1.745,0.5916,0.3233,0.1623,0.6618,0.086,0.0096,0.0052,0.0,0.0,1.815,1.082
Tours_s3_forearm_front,200,"[2.0,12.0]",trained_models/auto/ours_pc2_forearm_front_s3/BEST/checkpoint_000014/checkpoint-14,150.0,0.0,15.0,0.0,4.35,0.8761,0.0,0.0,28.9987,5.8388,0.5954,0.0507,0.0977,0.0083,8.033,2.4291,0.5355,0.1619,9.341,1.9618,0.6227,0.1308,1.6741,1.0746,0.0348,0.26,4.8195,1.5386,52.3132,58.1373,6.4596,6.6241,0.1871,0.0997,0.99,0.0995,0.2349,0.0825,0.7031,0.1695,0.3337,0.0822,0.306,0.0699,0.001,0.0141,0.305,0.0906,0.6522,0.1376,5.9818,1.7275,1.255,0.5291,0.3675,0.1286,0.285,0.0131,0.0058,0.0012,0.0,0.0,3.34,0.8511
Tyubik_s3_forearm_front,200,"[2.0,12.0]",trained_models/auto/yubik_front_s3/BEST/checkpoint_000014/checkpoint-14,149.97,0.4232,14.997,0.0423,7.005,2.0384,0.005,0.0705,46.6992,13.5909,0.7145,0.1859,0.1172,0.0305,10.1415,4.0812,0.6763,0.2723,11.0925,3.4786,0.7397,0.2321,1.8158,0.9775,0.4468,0.7086,5.1286,1.8848,53.9137,55.4421,6.1718,5.7124,0.2401,0.1241,1.04,0.6844,0.217,0.0973,0.7031,0.177,0.4593,0.1507,0.3342,0.1039,0.073,0.1039,0.3087,0.096,0.6416,0.114,6.3995,2.6808,1.195,0.3962,0.3937,0.1223,0.4208,0.0312,0.0085,0.0018,0.0,0.0,5.335,1.8662
Bflat_s3_forearm_front,200,"[2.0,12.0]",trained_models/auto/flat_pc24_s3/BEST/checkpoint_000014/checkpoint-14,150.0,0.0,15.0,0.0,5.03,1.3635,0.0,0.0,33.5332,9.0903,0.4488,0.1673,0.0736,0.0274,4.519,0.9925,0.3013,0.0662,5.574,0.0923,0.3716,0.0061,1.1851,1.7764,0.0,0.0,0.5699,1.1676,46.7512,63.1586,7.1059,9.9307,0.0189,0.0295,0.475,0.4994,0.228,0.1123,0.8011,0.2181,0.2583,0.0784,0.2156,0.0363,0.0,0.0,0.3962,0.129,0.6755,0.1209,3.5883,0.8212,1.205,0.4159,0.3467,0.119,0.7071,0.0911,0.0152,0.0039,0.0,0.0,3.12,0.9411
Tours_s3_upperarm_back,200,"[2.0,12.0]",trained_models/auto/ours_pc2_upperarm_back_s3/BEST/checkpoint_000014/checkpoint-14,150.0,0.0,15.0,0.0,6.62,1.8962,0.0,0.0,27.5831,7.9001,0.578,0.1174,0.0948,0.0193,9.5055,3.2488,0.6337,0.2166,11.525,2.4321,0.7683,0.1621,1.6223,1.1222,0.0888,0.3307,3.3446,2.0112,65.6365,64.8891,7.6094,7.3752,0.1666,0.1251,0.32,0.4665,0.1429,0.0786,0.7007,0.1662,0.3705,0.1232,0.397,0.1224,0.1762,0.1549,0.3739,0.1148,0.6431,0.1243,4.6384,1.5854,1.63,0.6108,0.4332,0.1266,0.4957,0.0286,0.0151,0.0033,0.0,0.0,5.055,1.6619
Tyubik_s3_upperarm_back,200,"[2.0,12.0]",trained_models/auto/yubik_upperarm_back_s3/BEST/checkpoint_000014/checkpoint-14,150.0,0.0,15.0,0.0,7.22,2.0668,0.0,0.0,30.0831,8.6115,0.6672,0.1436,0.1094,0.0236,9.955,2.7859,0.6637,0.1857,12.53,2.3768,0.8353,0.1585,1.6755,1.047,0.0243,0.1845,4.1413,2.71,76.6577,59.0043,8.6427,6.605,0.1159,0.0898,0.56,0.4964,0.2021,0.0744,0.6736,0.1537,0.4135,0.1252,0.4125,0.1131,0.2343,0.1819,0.3753,0.1007,0.6145,0.1047,4.3189,1.0778,1.95,0.8411,0.4516,0.119,0.4589,0.0403,0.0159,0.0027,0.0,0.0,5.35,1.6845
Bflat_s3_upperarm_back,200,"[2.0,12.0]",trained_models/auto/flat_pc24_s3/BEST/checkpoint_000014/checkpoint-14,150.0,0.0,15.0,0.0,6.35,1.5484,0.0,0.0,26.4585,6.4513,0.563,0.1298,0.0923,0.0213,7.9245,2.5149,0.5283,0.1677,10.2155,1.9744,0.681,0.1316,1.5679,1.2645,0.0,0.0007,3.736,2.6104,69.3522,66.6208,8.629,8.4371,0.087,0.0642,0.665,0.5028,0.2582,0.0835,0.7213,0.163,0.3755,0.1402,0.3705,0.117,0.1007,0.1458,0.4119,0.1125,0.5882,0.1338,4.7754,1.8266,1.73,0.7727,0.4634,0.1357,0.4991,0.043,0.0467,0.0508,0.0,0.0,4.875,1.6521
Tours_s3_upperarm_front,200,"[2.0,12.0]",trained_models/auto/ours_pc2_upperarm_front_s3/BEST/checkpoint_000014/checkpoint-14,150.0,0.0,15.0,0.0,5.57,3.096,0.0,0.0,23.2083,12.8998,0.465,0.204,0.0763,0.0335,8.8895,4.4779,0.5926,0.2985,11.709,4.4114,0.7806,0.2941,1.9772,1.9254,0.2497,0.7184,5.0074,6.4719,65.9489,70.0919,7.9304,8.8531,0.1778,0.1512,0.745,0.4359,0.1398,0.08,0.7316,0.1646,0.3579,0.1265,0.3836,0.1362,0.2399,0.1703,0.2867,0.1413,0.7698,0.1332,3.4134,1.8758,1.955,0.7021,0.2555,0.1512,0.5334,0.0494,0.0153,0.0049,0.0,0.0,4.035,2.3924
Tyubik_s3_upperarm_front,200,"[2.0,12.0]",trained_models/auto/yubik_upperarm_front_s3/BEST/checkpoint_000014/checkpoint-14,150.0,0.0,15.0,0.0,4.9,2.6,0.0,0.0,20.4183,10.8338,0.4833,0.1687,0.0793,0.0277,7.4665,3.5864,0.4978,0.2391,10.4965,3.5045,0.6998,0.2336,2.0863,1.7448,0.0645,0.3244,4.4969,4.2657,73.8939,71.2564,9.4224,8.9202,0.1456,0.1341,0.81,0.3923,0.138,0.0669,0.7101,0.1925,0.2942,0.0814,0.3029,0.0776,0.0288,0.0808,0.2604,0.1473,0.7527,0.1476,3.581,1.7334,2.165,0.7732,0.2635,0.1477,0.4401,0.0738,0.0083,0.0023,0.0,0.0,2.79,1.4649
Bflat_s3_upperarm_front,200,"[2.0,12.0]",trained_models/auto/flat_pc24_s3/BEST/checkpoint_000014/checkpoint-14,150.0,0.0,15.0,0.0,3.67,1.8306,0.0,0.0,15.2918,7.6273,0.397,0.1748,0.0651,0.0287,3.9235,2.2524,0.2616,0.1502,6.9765,2.5977,0.4651,0.1732,1.8554,2.3359,0.0113,0.132,4.5751,7.0246,50.4296,62.8427,8.4408,10.6562,0.0545,0.0669,0.78,0.4142,0.1942,0.0969,0.8477,0.1977,0.2538,0.0839,0.248,0.0615,0.0,0.0,0.417,0.2382,0.6105,0.1984,3.4476,1.6973,1.965,0.6736,0.3842,0.2071,0.5533,0.0488,0.0168,0.0173,0.0,0.0,2.71,1.4477
Ascr_forearm_back,100,"[2.0,12.0]",student_scripted_4r.pt,150.0,0.0,15.0,0.0,6.18,1.5452,0.0,0.0,41.1998,10.3016,0.6656,0.0679,0.1092,0.0111,5.702,2.6088,0.3801,0.1739,9.48,2.9152,0.632,0.1944,2.3009,1.9888,0.0589,0.3439,3.5303,3.5932,85.8428,92.3648,11.9809,12.0251,0.1032,0.1178,0.46,0.4984,0.1221,0.0955,0.983,0.0834,0.288,0.0962,0.22,0.06,0.0,0.0,0.3578,0.1572,0.6984,0.1492,4.0385,1.7134,2.17,0.7079,0.3127,0.1548,0.5006,0.0363,0.0061,0.0016,0.0,0.0,3.22,1.1187
Ascr_forearm_front,100,"[2.0,12.0]",student_scripted_4r.pt,150.0,0.0,15.0,0.0,6.0,1.6852,0.0,0.0,39.9996,11.2331,0.694,0.0577,0.1138,0.0095,6.249,0.8106,0.4166,0.054,7.412,0.9562,0.4941,0.0637,1.1631,1.2949,0.0,0.0,1.1006,1.7099,58.7948,71.6241,7.6545,9.2443,0.029,0.061,0.01,0.0995,0.0216,0.0361,1.0,0.0,0.367,0.1001,0.257,0.0552,0.006,0.0443,0.3275,0.0661,0.7327,0.0432,4.2533,0.5868,1.35,0.6062,0.2769,0.0448,0.4575,0.0249,0.0068,0.0011,0.0,0.0,4.09,1.1584
Ascr_upperarm_back,100,"[2.0,12.0]",student_scripted_4r.pt,150.0,0.0,15.0,0.0,4.33,1.0868,0.0,0.0,18.0413,4.5274,0.5624,0.116,0.0922,0.019,5.796,2.5965,0.3864,0.1731,7.455,2.5384,0.497,0.1692,1.1681,1.767,0.0,0.0,1.1271,2.2133,48.7416,68.2368,7.0561,10.1261,0.0189,0.0265,0.0,0.0,0.0174,0.0121,1.0,0.0,0.263,0.1092,0.23,0.05,0.0,0.0,0.3524,0.1196,0.6941,0.1118,4.4405,1.1814,2.33,0.9804,0.3283,0.1085,0.5486,0.0441,0.009,0.0015,0.0,0.0,3.28,0.9806
Ascr_upperarm_front,100,"[2.0,12.0]",student_scripted_4r.pt,134.5,18.847,13.45,1.8847,3.69,1.5407,0.0,0.0,15.3747,6.4202,0.6276,0.1867,0.1029,0.0306,4.148,2.0237,0.3071,0.1347,5.88,1.8188,0.443,0.1267,0.4616,1.0074,0.0158,0.1571,0.4159,2.0875,16.8552,36.4012,2.5432,5.4577,0.0101,0.0458,0.0,0.0,0.0139,0.0172,1.0,0.0,0.2447,0.1027,0.1979,0.0699,0.0426,0.2018,0.3253,0.1482,0.6267,0.1575,4.2917,1.4794,1.88,0.828,0.3771,0.1636,0.4819,0.0528,0.0048,0.0015,0.44,0.4964,2.4,1.2329
